<package xmlVersion="1.8">
  <package internalName="cf.cplace.template.okr" version="10">
    <name>
      <de>Solution Template - Objectives &amp; Key Results</de>
      <en>Solution Template - Objectives &amp; Key Results</en>
    </name>
    <slots>
      <slot internalName="cf.cplace.okr.okr">
        <name>
          <de>Objectives Key Results</de>
          <en>Objectives Key Results</en>
        </name>
        <workspace>
          <name>OKR</name>
          <types>
            <typeDef>
              <name>cf.cplace.solution.okr.cycle</name>
              <localizedNameSingular>
                <en>Cycle</en>
                <de>Zyklus</de>
              </localizedNameSingular>
              <localizedNamePlural>
                <en>Cycles</en>
                <de>Zyklen</de>
              </localizedNamePlural>
              <iconName>fa-redo</iconName>
              <attributes>
                <name>cf.cplace.solution.okr.year</name>
                <localizedName>
                  <en>Year</en>
                  <de>Jahr</de>
                </localizedName>
                <localizedShortName />
                <shortHelp />
                <constraintFactory type="stringConstraint">
                  <multiplicity>
                    <key>exactlyOne</key>
                  </multiplicity>
                  <attributeDefClass>cf.cplace.platform.assets.custom.def.SingleStringAttributeDef</attributeDefClass>
                </constraintFactory>
              </attributes>
              <attributes>
                <name>cf.cplace.solution.okr.quarter</name>
                <localizedName>
                  <en>Quarter</en>
                  <de>Quartal</de>
                </localizedName>
                <localizedShortName />
                <shortHelp />
                <constraintFactory type="stringConstraint">
                  <multiplicity>
                    <key>exactlyOne</key>
                  </multiplicity>
                  <attributeDefClass>cf.cplace.platform.assets.custom.def.SingleStringAttributeDef</attributeDefClass>
                </constraintFactory>
              </attributes>
              <attributes>
                <name>cf.cplace.solution.okr.status</name>
                <localizedName>
                  <en>Status</en>
                  <de>Status</de>
                </localizedName>
                <localizedShortName />
                <shortHelp />
                <constraintFactory type="textEnumerationConstraint">
                  <element>
                    <value>#15 Next</value>
                    <icon>harvey-ball-red-100</icon>
                  </element>
                  <element>
                    <value>#25 Current</value>
                    <icon>harvey-ball-red-100</icon>
                  </element>
                  <element>
                    <value>#35 Closed</value>
                    <icon>harvey-ball-red-100</icon>
                  </element>
                  <element>
                    <value>#45 Draft</value>
                    <icon>harvey-ball-red-100</icon>
                  </element>
                  <multiplicity>
                    <key>exactlyOne</key>
                  </multiplicity>
                  <attributeDefClass>cf.cplace.platform.assets.custom.def.SingleStringAttributeDef</attributeDefClass>
                </constraintFactory>
              </attributes>
              <attributes>
                <name>cf.cplace.solution.okr.start</name>
                <localizedName>
                  <en>Start</en>
                  <de>Start</de>
                </localizedName>
                <localizedShortName />
                <shortHelp />
                <constraintFactory type="dateConstraint">
                  <specificity>DAY</specificity>
                  <dateFormat>DAY_YEAR_LONG</dateFormat>
                  <multiplicity>
                    <key>maximalOne</key>
                  </multiplicity>
                  <attributeDefClass>cf.cplace.platform.assets.custom.def.SingleDateAttributeDef</attributeDefClass>
                </constraintFactory>
              </attributes>
              <attributes>
                <name>cf.cplace.solution.okr.end</name>
                <localizedName>
                  <en>End</en>
                  <de>Ende</de>
                </localizedName>
                <localizedShortName />
                <shortHelp />
                <constraintFactory type="dateConstraint">
                  <specificity>DAY</specificity>
                  <dateFormat>DAY_YEAR_LONG</dateFormat>
                  <multiplicity>
                    <key>maximalOne</key>
                  </multiplicity>
                  <attributeDefClass>cf.cplace.platform.assets.custom.def.SingleDateAttributeDef</attributeDefClass>
                </constraintFactory>
              </attributes>
              <appliesTo>
                <key>page</key>
              </appliesTo>
              <localizedPageNamesMode>
                <key>none</key>
              </localizedPageNamesMode>
              <showNewButton>true</showNewButton>
            </typeDef>
            <typeDef>
              <name>cf.cplace.solution.okr.objective</name>
              <localizedNameSingular>
                <en>Objective</en>
                <de>Objective</de>
              </localizedNameSingular>
              <localizedNamePlural>
                <en>Objectives</en>
                <de>Objectives</de>
              </localizedNamePlural>
              <iconName>fa-bullseye</iconName>
              <attributes>
                <name>cf.cplace.solution.okr.number</name>
                <localizedName>
                  <en>Number</en>
                  <de>Nummer</de>
                </localizedName>
                <localizedShortName>
                  <en>No.</en>
                  <de>Nr.</de>
                </localizedShortName>
                <shortHelp />
                <constraintFactory type="numberConstraint">
                  <precision>-1</precision>
                  <localizedTextAfterSupplier />
                  <multiplicity>
                    <key>exactlyOne</key>
                  </multiplicity>
                  <attributeDefClass>cf.cplace.platform.assets.custom.def.SingleNumberAttributeDef</attributeDefClass>
                </constraintFactory>
              </attributes>
              <attributes>
                <name>cf.cplace.solution.okr.title</name>
                <localizedName>
                  <en>Title</en>
                  <de>Titel</de>
                </localizedName>
                <localizedShortName />
                <shortHelp />
                <constraintFactory type="stringConstraint">
                  <multiplicity>
                    <key>maximalOne</key>
                  </multiplicity>
                  <attributeDefClass>cf.cplace.platform.assets.custom.def.SingleStringAttributeDef</attributeDefClass>
                </constraintFactory>
              </attributes>
              <attributes>
                <name>cf.cplace.solution.okr.accomplished</name>
                <localizedName>
                  <en>Accomplished</en>
                  <de>Erreicht</de>
                </localizedName>
                <localizedShortName />
                <shortHelp />
                <constraintFactory type="textEnumerationConstraint">
                  <defaultValues>s#25 - no</defaultValues>
                  <element>
                    <value>#15 - yes</value>
                    <icon>x-112-cplace-square-green-check</icon>
                  </element>
                  <element>
                    <value>#25 - no</value>
                    <icon>x-103-cplace-square-red-close</icon>
                  </element>
                  <multiplicity>
                    <key>maximalOne</key>
                  </multiplicity>
                  <attributeDefClass>cf.cplace.platform.assets.custom.def.SingleStringAttributeDef</attributeDefClass>
                </constraintFactory>
              </attributes>
              <attributes>
                <name>cf.cplace.solution.okr.description</name>
                <localizedName>
                  <en>Description</en>
                  <de>Beschreibung</de>
                </localizedName>
                <localizedShortName />
                <shortHelp />
                <constraintFactory type="richStringConstraint">
                  <multiplicity>
                    <key>maximalOne</key>
                  </multiplicity>
                  <attributeDefClass>cf.cplace.platform.assets.custom.def.SingleRichStringAttributeDef</attributeDefClass>
                </constraintFactory>
              </attributes>
              <appliesTo>
                <key>page</key>
              </appliesTo>
              <localizedPageNamesMode>
                <key>none</key>
              </localizedPageNamesMode>
              <showNewButton>true</showNewButton>
            </typeDef>
            <typeDef>
              <name>cf.cplace.solution.okr.keyResult</name>
              <localizedNameSingular>
                <en>Key Result</en>
                <de>Schlüsselergebnis</de>
              </localizedNameSingular>
              <localizedNamePlural>
                <en>Key Results</en>
                <de>Schlüsselergebnisse</de>
              </localizedNamePlural>
              <iconName>fa-key</iconName>
              <attributes>
                <name>cf.cplace.solution.okr.number</name>
                <localizedName>
                  <en>Number</en>
                  <de>Nummer</de>
                </localizedName>
                <localizedShortName>
                  <en>No.</en>
                  <de>Nr.</de>
                </localizedShortName>
                <shortHelp />
                <constraintFactory type="numberConstraint">
                  <precision>-1</precision>
                  <localizedTextAfterSupplier />
                  <multiplicity>
                    <key>exactlyOne</key>
                  </multiplicity>
                  <attributeDefClass>cf.cplace.platform.assets.custom.def.SingleNumberAttributeDef</attributeDefClass>
                </constraintFactory>
              </attributes>
              <attributes>
                <name>cf.cplace.solution.okr.title</name>
                <localizedName>
                  <en>Title</en>
                  <de>Titel</de>
                </localizedName>
                <localizedShortName />
                <shortHelp />
                <constraintFactory type="stringConstraint">
                  <multiplicity>
                    <key>maximalOne</key>
                  </multiplicity>
                  <attributeDefClass>cf.cplace.platform.assets.custom.def.SingleStringAttributeDef</attributeDefClass>
                </constraintFactory>
              </attributes>
              <attributes>
                <name>cf.cplace.solution.okr.gradingForecast</name>
                <localizedName>
                  <en>Grading Forecast</en>
                  <de>Fortschritt Vorhersage</de>
                </localizedName>
                <localizedShortName />
                <shortHelp />
                <constraintFactory type="textEnumerationConstraint">
                  <element>
                    <value>0.1</value>
                    <icon>circle-001-red</icon>
                  </element>
                  <element>
                    <value>0.2</value>
                    <icon>circle-001-red</icon>
                  </element>
                  <element>
                    <value>0.3</value>
                    <icon>circle-001-red</icon>
                  </element>
                  <element>
                    <value>0.4</value>
                    <icon>circle-002-yellow</icon>
                  </element>
                  <element>
                    <value>0.5</value>
                    <icon>circle-002-yellow</icon>
                  </element>
                  <element>
                    <value>0.6</value>
                    <icon>circle-002-yellow</icon>
                  </element>
                  <element>
                    <value>0.7</value>
                    <icon>circle-003-green</icon>
                  </element>
                  <element>
                    <value>0.8</value>
                    <icon>circle-003-green</icon>
                  </element>
                  <element>
                    <value>0.9</value>
                    <icon>circle-003-green</icon>
                  </element>
                  <element>
                    <value>1.0</value>
                    <icon>circle-003-green</icon>
                  </element>
                  <multiplicity>
                    <key>maximalOne</key>
                  </multiplicity>
                  <attributeDefClass>cf.cplace.platform.assets.custom.def.SingleStringAttributeDef</attributeDefClass>
                </constraintFactory>
              </attributes>
              <attributes>
                <name>cf.cplace.solution.okr.objective</name>
                <localizedName>
                  <en>Objective</en>
                  <de>Objective</de>
                </localizedName>
                <localizedShortName />
                <shortHelp />
                <constraintFactory type="referenceConstraint">
                  <typeNames>cf.cplace.solution.okr.objective</typeNames>
                  <entityClass>cf.cplace.platform.assets.file.Page</entityClass>
                  <localizedInverseRoleName />
                  <sameWorkspace>true</sameWorkspace>
                  <isHierarchy>true</isHierarchy>
                  <multiplicity>
                    <key>exactlyOne</key>
                  </multiplicity>
                  <attributeDefClass>cf.cplace.platform.assets.custom.def.MultiReferenceAttributeDef$MultiCustomReferenceAttributeDef</attributeDefClass>
                </constraintFactory>
              </attributes>
              <attributes>
                <name>cf.cplace.solution.okr.lastUpdate</name>
                <localizedName>
                  <en>Last Update</en>
                  <de>Letztes Update</de>
                </localizedName>
                <localizedShortName />
                <shortHelp />
                <constraintFactory type="dateConstraint">
                  <specificity>DAY</specificity>
                  <dateFormat>DAY_YEAR_LONG</dateFormat>
                  <multiplicity>
                    <key>maximalOne</key>
                  </multiplicity>
                  <attributeDefClass>cf.cplace.platform.assets.custom.def.SingleDateAttributeDef</attributeDefClass>
                </constraintFactory>
              </attributes>
              <appliesTo>
                <key>page</key>
              </appliesTo>
              <localizedPageNamesMode>
                <key>none</key>
              </localizedPageNamesMode>
              <showNewButton>true</showNewButton>
            </typeDef>
          </types>
          <apps>["cf.cplace.platform"]</apps>
          <rootPage>
            <page>
              <name>Root Page</name>
              <id>2s8borq4sf26slxi6ke9hu5fe</id>
              <custom>
                <type>default.page</type>
                <attributes />
              </custom>
              <widgetContainer>
                <widgetsLayout />
                <widgets />
              </widgetContainer>
            </page>
          </rootPage>
        </workspace>
      </slot>
    </slots>
    <cplaceRelease>24.1</cplaceRelease>
    <publishDate>2024-01-25T14:49:25.893+01:00</publishDate>
  </package>
  <maps />
</package>