<solutionManagement xmlVersion="1.8">
  <package internalName="cf.cplace.template.okr" version="10">
    <name>
      <de>Solution Template - Objectives &amp; Key Results</de>
      <en>Solution Template - Objectives &amp; Key Results</en>
    </name>
    <shortname />
    <slots>
      <slot internalName="cf.cplace.okr.okr">
        <name>
          <de>Objectives Key Results</de>
          <en>Objectives Key Results</en>
        </name>
        <workspace>
          <name>OKR</name>
          <types>
            <typeDef>
              <name>cf.cplace.solution.okr.cycle</name>
              <localizedNameSingular>
                <en>Cycle</en>
                <de>Zyklus</de>
              </localizedNameSingular>
              <localizedNamePlural>
                <en>Cycles</en>
                <de>Zyklen</de>
              </localizedNamePlural>
              <iconName>fa-redo</iconName>
              <attributes>
                <name>cf.cplace.solution.okr.year</name>
                <localizedName>
                  <en>Year</en>
                  <de>Jahr</de>
                </localizedName>
                <localizedShortName />
                <shortHelp />
                <constraintFactory type="stringConstraint">
                  <multiplicity>
                    <key>exactlyOne</key>
                  </multiplicity>
                  <attributeDefClass>cf.cplace.platform.assets.custom.def.SingleStringAttributeDef</attributeDefClass>
                </constraintFactory>
              </attributes>
              <attributes>
                <name>cf.cplace.solution.okr.quarter</name>
                <localizedName>
                  <en>Quarter</en>
                  <de>Quartal</de>
                </localizedName>
                <localizedShortName />
                <shortHelp />
                <constraintFactory type="stringConstraint">
                  <multiplicity>
                    <key>exactlyOne</key>
                  </multiplicity>
                  <attributeDefClass>cf.cplace.platform.assets.custom.def.SingleStringAttributeDef</attributeDefClass>
                </constraintFactory>
              </attributes>
              <attributes>
                <name>cf.cplace.solution.okr.status</name>
                <localizedName>
                  <en>Status</en>
                  <de>Status</de>
                </localizedName>
                <localizedShortName />
                <shortHelp />
                <constraintFactory type="textEnumerationConstraint">
                  <multiplicity>
                    <key>exactlyOne</key>
                  </multiplicity>
                  <elements>#15 Next</elements>
                  <elements>#25 Current</elements>
                  <elements>#35 Closed</elements>
                  <elements>#45 Draft</elements>
                  <element2icon />
                  <element2localizedLabel>
                    <entry>
                      <key>#35 Closed</key>
                      <value>
                        <localizations>
                          <entry>
                            <key>de</key>
                            <value>
                              <language>de</language>
                              <value>Geschlossen</value>
                            </value>
                          </entry>
                          <entry>
                            <key>en</key>
                            <value>
                              <language>en</language>
                              <value>Closed</value>
                            </value>
                          </entry>
                        </localizations>
                      </value>
                    </entry>
                    <entry>
                      <key>#45 Draft</key>
                      <value>
                        <localizations>
                          <entry>
                            <key>de</key>
                            <value>
                              <language>de</language>
                              <value>Entwurf</value>
                            </value>
                          </entry>
                          <entry>
                            <key>en</key>
                            <value>
                              <language>en</language>
                              <value>Draft</value>
                            </value>
                          </entry>
                        </localizations>
                      </value>
                    </entry>
                    <entry>
                      <key>#25 Current</key>
                      <value>
                        <localizations>
                          <entry>
                            <key>de</key>
                            <value>
                              <language>de</language>
                              <value>Aktuell</value>
                            </value>
                          </entry>
                          <entry>
                            <key>en</key>
                            <value>
                              <language>en</language>
                              <value>Current</value>
                            </value>
                          </entry>
                        </localizations>
                      </value>
                    </entry>
                    <entry>
                      <key>#15 Next</key>
                      <value>
                        <localizations>
                          <entry>
                            <key>de</key>
                            <value>
                              <language>de</language>
                              <value>Nächster</value>
                            </value>
                          </entry>
                          <entry>
                            <key>en</key>
                            <value>
                              <language>en</language>
                              <value>Next</value>
                            </value>
                          </entry>
                        </localizations>
                      </value>
                    </entry>
                  </element2localizedLabel>
                  <attributeDefClass>cf.cplace.platform.assets.custom.def.SingleStringAttributeDef</attributeDefClass>
                </constraintFactory>
              </attributes>
              <attributes>
                <name>cf.cplace.solution.okr.cyclesDashboard</name>
                <localizedName>
                  <en>Cycles Dashboard</en>
                  <de>Zyklen Dashboard</de>
                </localizedName>
                <localizedShortName />
                <shortHelp />
                <constraintFactory type="referenceConstraint">
                  <multiplicity>
                    <key>maximalOne</key>
                  </multiplicity>
                  <defaultValues>lpage/u6t0du1tsgeax1xsba85ycm3t</defaultValues>
                  <typeNames>cf.cplace.solution.okr.cyclesDashboard</typeNames>
                  <entityClass>cf.cplace.platform.assets.file.Page</entityClass>
                  <localizedInverseRoleName />
                  <sameWorkspace>true</sameWorkspace>
                  <isHierarchy>true</isHierarchy>
                  <attributeDefClass>cf.cplace.platform.assets.custom.def.MultiReferenceAttributeDef$MultiCustomReferenceAttributeDef</attributeDefClass>
                </constraintFactory>
              </attributes>
              <attributes>
                <name>cf.cplace.solution.okr.start</name>
                <localizedName>
                  <en>Start</en>
                  <de>Start</de>
                </localizedName>
                <localizedShortName />
                <shortHelp />
                <constraintFactory type="dateConstraint">
                  <multiplicity>
                    <key>maximalOne</key>
                  </multiplicity>
                  <specificity>DAY</specificity>
                  <dateFormat>DAY_YEAR_LONG</dateFormat>
                  <attributeDefClass>cf.cplace.platform.assets.custom.def.SingleDateAttributeDef</attributeDefClass>
                </constraintFactory>
              </attributes>
              <attributes>
                <name>cf.cplace.solution.okr.end</name>
                <localizedName>
                  <en>End</en>
                  <de>Ende</de>
                </localizedName>
                <localizedShortName />
                <shortHelp />
                <constraintFactory type="dateConstraint">
                  <multiplicity>
                    <key>maximalOne</key>
                  </multiplicity>
                  <specificity>DAY</specificity>
                  <dateFormat>DAY_YEAR_LONG</dateFormat>
                  <attributeDefClass>cf.cplace.platform.assets.custom.def.SingleDateAttributeDef</attributeDefClass>
                </constraintFactory>
              </attributes>
              <attributes>
                <name>cf.cplace.solution.okr.statusForNameGenerationPattern</name>
                <localizedName>
                  <en>Status for name generation pattern</en>
                  <de>Status für die Namensgenerierung</de>
                </localizedName>
                <localizedShortName />
                <shortHelp />
                <constraintFactory type="stringConstraint">
                  <multiplicity>
                    <key>maximalOne</key>
                  </multiplicity>
                  <attributeDefClass>cf.cplace.platform.assets.custom.def.SingleStringAttributeDef</attributeDefClass>
                </constraintFactory>
              </attributes>
              <appliesTo>
                <key>page</key>
              </appliesTo>
              <localizedPageNamesMode>
                <key>none</key>
              </localizedPageNamesMode>
              <showNewButton>true</showNewButton>
            </typeDef>
            <typeDef>
              <name>cf.cplace.solution.okr.objective</name>
              <localizedNameSingular>
                <en>Objective</en>
                <de>Objective</de>
              </localizedNameSingular>
              <localizedNamePlural>
                <en>Objectives</en>
                <de>Objectives</de>
              </localizedNamePlural>
              <iconName>fa-bullseye</iconName>
              <attributes>
                <name>cf.cplace.solution.okr.number</name>
                <localizedName>
                  <en>Number</en>
                  <de>Nummer</de>
                </localizedName>
                <localizedShortName>
                  <en>No.</en>
                  <de>Nr.</de>
                </localizedShortName>
                <shortHelp />
                <constraintFactory type="numberConstraint">
                  <multiplicity>
                    <key>exactlyOne</key>
                  </multiplicity>
                  <precision>-1</precision>
                  <localizedTextAfterSupplier />
                  <attributeDefClass>cf.cplace.platform.assets.custom.def.SingleNumberAttributeDef</attributeDefClass>
                </constraintFactory>
              </attributes>
              <attributes>
                <name>cf.cplace.solution.okr.title</name>
                <localizedName>
                  <en>Title</en>
                  <de>Titel</de>
                </localizedName>
                <localizedShortName />
                <shortHelp />
                <constraintFactory type="stringConstraint">
                  <multiplicity>
                    <key>maximalOne</key>
                  </multiplicity>
                  <attributeDefClass>cf.cplace.platform.assets.custom.def.SingleStringAttributeDef</attributeDefClass>
                </constraintFactory>
              </attributes>
              <attributes>
                <name>cf.cplace.solution.okr.set</name>
                <localizedName>
                  <en>Set</en>
                  <de>Set</de>
                </localizedName>
                <localizedShortName />
                <shortHelp />
                <constraintFactory type="referenceConstraint">
                  <multiplicity>
                    <key>exactlyOne</key>
                  </multiplicity>
                  <typeNames>cf.cplace.solution.okr.set</typeNames>
                  <entityClass>cf.cplace.platform.assets.file.Page</entityClass>
                  <localizedInverseRoleName />
                  <sameWorkspace>true</sameWorkspace>
                  <isHierarchy>true</isHierarchy>
                  <attributeDefClass>cf.cplace.platform.assets.custom.def.MultiReferenceAttributeDef$MultiCustomReferenceAttributeDef</attributeDefClass>
                </constraintFactory>
              </attributes>
              <attributes>
                <name>cf.cplace.solution.okr.accomplished</name>
                <localizedName>
                  <en>Accomplished</en>
                  <de>Erreicht</de>
                </localizedName>
                <localizedShortName />
                <shortHelp />
                <constraintFactory type="textEnumerationConstraint">
                  <multiplicity>
                    <key>maximalOne</key>
                  </multiplicity>
                  <defaultValues>s#25 - no</defaultValues>
                  <elements>#15 - yes</elements>
                  <elements>#25 - no</elements>
                  <element2icon>
                    <entry>
                      <key>#25 - no</key>
                      <value>x-103-cplace-square-red-close</value>
                    </entry>
                    <entry>
                      <key>#15 - yes</key>
                      <value>x-112-cplace-square-green-check</value>
                    </entry>
                  </element2icon>
                  <element2localizedLabel>
                    <entry>
                      <key>#25 - no</key>
                      <value>
                        <localizations>
                          <entry>
                            <key>de</key>
                            <value>
                              <language>de</language>
                              <value>Nein</value>
                            </value>
                          </entry>
                          <entry>
                            <key>en</key>
                            <value>
                              <language>en</language>
                              <value>No</value>
                            </value>
                          </entry>
                        </localizations>
                      </value>
                    </entry>
                    <entry>
                      <key>#15 - yes</key>
                      <value>
                        <localizations>
                          <entry>
                            <key>de</key>
                            <value>
                              <language>de</language>
                              <value>Ja</value>
                            </value>
                          </entry>
                          <entry>
                            <key>en</key>
                            <value>
                              <language>en</language>
                              <value>Yes</value>
                            </value>
                          </entry>
                        </localizations>
                      </value>
                    </entry>
                  </element2localizedLabel>
                  <attributeDefClass>cf.cplace.platform.assets.custom.def.SingleStringAttributeDef</attributeDefClass>
                </constraintFactory>
              </attributes>
              <attributes>
                <name>cf.cplace.solution.okr.cycle</name>
                <localizedName>
                  <en>Cycle</en>
                  <de>Zyklus</de>
                </localizedName>
                <localizedShortName />
                <shortHelp />
                <constraintFactory type="referenceConstraint">
                  <multiplicity>
                    <key>maximalOne</key>
                  </multiplicity>
                  <typeNames>cf.cplace.solution.okr.cycle</typeNames>
                  <entityClass>cf.cplace.platform.assets.file.Page</entityClass>
                  <localizedInverseRoleName />
                  <sameWorkspace>false</sameWorkspace>
                  <isHierarchy>false</isHierarchy>
                  <attributeDefClass>cf.cplace.platform.assets.custom.def.MultiReferenceAttributeDef$MultiCustomReferenceAttributeDef</attributeDefClass>
                </constraintFactory>
              </attributes>
              <attributes>
                <name>cf.cplace.solution.okr.description</name>
                <localizedName>
                  <en>Description</en>
                  <de>Beschreibung</de>
                </localizedName>
                <localizedShortName />
                <shortHelp />
                <constraintFactory type="richStringConstraint">
                  <multiplicity>
                    <key>maximalOne</key>
                  </multiplicity>
                  <attributeDefClass>cf.cplace.platform.assets.custom.def.SingleRichStringAttributeDef</attributeDefClass>
                </constraintFactory>
              </attributes>
              <appliesTo>
                <key>page</key>
              </appliesTo>
              <localizedPageNamesMode>
                <key>none</key>
              </localizedPageNamesMode>
              <showNewButton>true</showNewButton>
            </typeDef>
            <typeDef>
              <name>cf.cplace.solution.okr.keyResult</name>
              <localizedNameSingular>
                <en>Key Result</en>
                <de>Schlüsselergebnis</de>
              </localizedNameSingular>
              <localizedNamePlural>
                <en>Key Results</en>
                <de>Schlüsselergebnisse</de>
              </localizedNamePlural>
              <iconName>fa-key</iconName>
              <attributes>
                <name>cf.cplace.solution.okr.number</name>
                <localizedName>
                  <en>Number</en>
                  <de>Nummer</de>
                </localizedName>
                <localizedShortName>
                  <en>No.</en>
                  <de>Nr.</de>
                </localizedShortName>
                <shortHelp />
                <constraintFactory type="numberConstraint">
                  <multiplicity>
                    <key>exactlyOne</key>
                  </multiplicity>
                  <precision>-1</precision>
                  <localizedTextAfterSupplier />
                  <attributeDefClass>cf.cplace.platform.assets.custom.def.SingleNumberAttributeDef</attributeDefClass>
                </constraintFactory>
              </attributes>
              <attributes>
                <name>cf.cplace.solution.okr.title</name>
                <localizedName>
                  <en>Title</en>
                  <de>Titel</de>
                </localizedName>
                <localizedShortName />
                <shortHelp />
                <constraintFactory type="stringConstraint">
                  <multiplicity>
                    <key>maximalOne</key>
                  </multiplicity>
                  <attributeDefClass>cf.cplace.platform.assets.custom.def.SingleStringAttributeDef</attributeDefClass>
                </constraintFactory>
              </attributes>
              <attributes>
                <name>cf.cplace.solution.okr.progressIndicator</name>
                <localizedName>
                  <en>Progress Indicator</en>
                  <de>Fortschrittsindikator</de>
                </localizedName>
                <localizedShortName />
                <shortHelp />
                <constraintFactory type="textEnumerationConstraint">
                  <multiplicity>
                    <key>maximalOne</key>
                  </multiplicity>
                  <elements>#15 green</elements>
                  <elements>#25 yellow</elements>
                  <elements>#35 red</elements>
                  <elements>#45 outdated</elements>
                  <element2icon>
                    <entry>
                      <key>#15 green</key>
                      <value>circle-003-green</value>
                    </entry>
                    <entry>
                      <key>#45 outdated</key>
                      <value>circle-000-gray</value>
                    </entry>
                    <entry>
                      <key>#35 red</key>
                      <value>circle-001-red</value>
                    </entry>
                    <entry>
                      <key>#25 yellow</key>
                      <value>circle-002-yellow</value>
                    </entry>
                  </element2icon>
                  <element2localizedLabel>
                    <entry>
                      <key>#15 green</key>
                      <value>
                        <localizations>
                          <entry>
                            <key>de</key>
                            <value>
                              <language>de</language>
                              <value>On track</value>
                            </value>
                          </entry>
                          <entry>
                            <key>en</key>
                            <value>
                              <language>en</language>
                              <value>On track</value>
                            </value>
                          </entry>
                        </localizations>
                      </value>
                    </entry>
                    <entry>
                      <key>#45 outdated</key>
                      <value>
                        <localizations>
                          <entry>
                            <key>de</key>
                            <value>
                              <language>de</language>
                              <value>Outdated</value>
                            </value>
                          </entry>
                          <entry>
                            <key>en</key>
                            <value>
                              <language>en</language>
                              <value>Outdated</value>
                            </value>
                          </entry>
                        </localizations>
                      </value>
                    </entry>
                    <entry>
                      <key>#35 red</key>
                      <value>
                        <localizations>
                          <entry>
                            <key>de</key>
                            <value>
                              <language>de</language>
                              <value>Off track</value>
                            </value>
                          </entry>
                          <entry>
                            <key>en</key>
                            <value>
                              <language>en</language>
                              <value>Off track</value>
                            </value>
                          </entry>
                        </localizations>
                      </value>
                    </entry>
                    <entry>
                      <key>#25 yellow</key>
                      <value>
                        <localizations>
                          <entry>
                            <key>de</key>
                            <value>
                              <language>de</language>
                              <value>Progressing</value>
                            </value>
                          </entry>
                          <entry>
                            <key>en</key>
                            <value>
                              <language>en</language>
                              <value>Progressing</value>
                            </value>
                          </entry>
                        </localizations>
                      </value>
                    </entry>
                  </element2localizedLabel>
                  <attributeDefClass>cf.cplace.platform.assets.custom.def.SingleStringAttributeDef</attributeDefClass>
                </constraintFactory>
              </attributes>
              <attributes>
                <name>cf.cplace.solution.okr.confidenceLevel</name>
                <localizedName>
                  <en>Confidence Level</en>
                  <de>Confidence Level</de>
                </localizedName>
                <localizedShortName />
                <shortHelp />
                <constraintFactory type="textEnumerationConstraint">
                  <multiplicity>
                    <key>maximalOne</key>
                  </multiplicity>
                  <defaultValues>s0.5</defaultValues>
                  <elements>0.1</elements>
                  <elements>0.2</elements>
                  <elements>0.3</elements>
                  <elements>0.4</elements>
                  <elements>0.5</elements>
                  <elements>0.6</elements>
                  <elements>0.7</elements>
                  <elements>0.8</elements>
                  <elements>0.9</elements>
                  <elements>1.0</elements>
                  <element2icon>
                    <entry>
                      <key>0.1</key>
                      <value>circle-001-red</value>
                    </entry>
                    <entry>
                      <key>1.0</key>
                      <value>circle-003-green</value>
                    </entry>
                    <entry>
                      <key>0.2</key>
                      <value>circle-001-red</value>
                    </entry>
                    <entry>
                      <key>0.3</key>
                      <value>circle-001-red</value>
                    </entry>
                    <entry>
                      <key>0.4</key>
                      <value>circle-002-yellow</value>
                    </entry>
                    <entry>
                      <key>0.5</key>
                      <value>circle-002-yellow</value>
                    </entry>
                    <entry>
                      <key>0.6</key>
                      <value>circle-002-yellow</value>
                    </entry>
                    <entry>
                      <key>0.7</key>
                      <value>circle-003-green</value>
                    </entry>
                    <entry>
                      <key>0.8</key>
                      <value>circle-003-green</value>
                    </entry>
                    <entry>
                      <key>0.9</key>
                      <value>circle-003-green</value>
                    </entry>
                  </element2icon>
                  <element2localizedLabel>
                    <entry>
                      <key>0.1</key>
                      <value>
                        <localizations>
                          <entry>
                            <key>de</key>
                            <value>
                              <language>de</language>
                              <value>0.1</value>
                            </value>
                          </entry>
                          <entry>
                            <key>en</key>
                            <value>
                              <language>en</language>
                              <value>0.1</value>
                            </value>
                          </entry>
                        </localizations>
                      </value>
                    </entry>
                    <entry>
                      <key>1.0</key>
                      <value>
                        <localizations>
                          <entry>
                            <key>de</key>
                            <value>
                              <language>de</language>
                              <value>1.0</value>
                            </value>
                          </entry>
                          <entry>
                            <key>en</key>
                            <value>
                              <language>en</language>
                              <value>1.0</value>
                            </value>
                          </entry>
                        </localizations>
                      </value>
                    </entry>
                    <entry>
                      <key>0.2</key>
                      <value>
                        <localizations>
                          <entry>
                            <key>de</key>
                            <value>
                              <language>de</language>
                              <value>0.2</value>
                            </value>
                          </entry>
                          <entry>
                            <key>en</key>
                            <value>
                              <language>en</language>
                              <value>0.2</value>
                            </value>
                          </entry>
                        </localizations>
                      </value>
                    </entry>
                    <entry>
                      <key>0.3</key>
                      <value>
                        <localizations>
                          <entry>
                            <key>de</key>
                            <value>
                              <language>de</language>
                              <value>0.3</value>
                            </value>
                          </entry>
                          <entry>
                            <key>en</key>
                            <value>
                              <language>en</language>
                              <value>0.3</value>
                            </value>
                          </entry>
                        </localizations>
                      </value>
                    </entry>
                    <entry>
                      <key>0.4</key>
                      <value>
                        <localizations>
                          <entry>
                            <key>de</key>
                            <value>
                              <language>de</language>
                              <value>0.4</value>
                            </value>
                          </entry>
                          <entry>
                            <key>en</key>
                            <value>
                              <language>en</language>
                              <value>0.4</value>
                            </value>
                          </entry>
                        </localizations>
                      </value>
                    </entry>
                    <entry>
                      <key>0.5</key>
                      <value>
                        <localizations>
                          <entry>
                            <key>de</key>
                            <value>
                              <language>de</language>
                              <value>0.5</value>
                            </value>
                          </entry>
                          <entry>
                            <key>en</key>
                            <value>
                              <language>en</language>
                              <value>0.5</value>
                            </value>
                          </entry>
                        </localizations>
                      </value>
                    </entry>
                    <entry>
                      <key>0.6</key>
                      <value>
                        <localizations>
                          <entry>
                            <key>de</key>
                            <value>
                              <language>de</language>
                              <value>0.6</value>
                            </value>
                          </entry>
                          <entry>
                            <key>en</key>
                            <value>
                              <language>en</language>
                              <value>0.6</value>
                            </value>
                          </entry>
                        </localizations>
                      </value>
                    </entry>
                    <entry>
                      <key>0.7</key>
                      <value>
                        <localizations>
                          <entry>
                            <key>de</key>
                            <value>
                              <language>de</language>
                              <value>0.7</value>
                            </value>
                          </entry>
                          <entry>
                            <key>en</key>
                            <value>
                              <language>en</language>
                              <value>0.7</value>
                            </value>
                          </entry>
                        </localizations>
                      </value>
                    </entry>
                    <entry>
                      <key>0.8</key>
                      <value>
                        <localizations>
                          <entry>
                            <key>de</key>
                            <value>
                              <language>de</language>
                              <value>0.8</value>
                            </value>
                          </entry>
                          <entry>
                            <key>en</key>
                            <value>
                              <language>en</language>
                              <value>0.8</value>
                            </value>
                          </entry>
                        </localizations>
                      </value>
                    </entry>
                    <entry>
                      <key>0.9</key>
                      <value>
                        <localizations>
                          <entry>
                            <key>de</key>
                            <value>
                              <language>de</language>
                              <value>0.9</value>
                            </value>
                          </entry>
                          <entry>
                            <key>en</key>
                            <value>
                              <language>en</language>
                              <value>0.9</value>
                            </value>
                          </entry>
                        </localizations>
                      </value>
                    </entry>
                  </element2localizedLabel>
                  <attributeDefClass>cf.cplace.platform.assets.custom.def.SingleStringAttributeDef</attributeDefClass>
                </constraintFactory>
              </attributes>
              <attributes>
                <name>cf.cplace.solution.okr.gradingForecast</name>
                <localizedName>
                  <en>Grading Forecast</en>
                  <de>Fortschritt Vorhersage</de>
                </localizedName>
                <localizedShortName />
                <shortHelp />
                <constraintFactory type="textEnumerationConstraint">
                  <multiplicity>
                    <key>maximalOne</key>
                  </multiplicity>
                  <elements>0.1</elements>
                  <elements>0.2</elements>
                  <elements>0.3</elements>
                  <elements>0.4</elements>
                  <elements>0.5</elements>
                  <elements>0.6</elements>
                  <elements>0.7</elements>
                  <elements>0.8</elements>
                  <elements>0.9</elements>
                  <elements>1.0</elements>
                  <element2icon>
                    <entry>
                      <key>0.1</key>
                      <value>circle-001-red</value>
                    </entry>
                    <entry>
                      <key>1.0</key>
                      <value>circle-003-green</value>
                    </entry>
                    <entry>
                      <key>0.2</key>
                      <value>circle-001-red</value>
                    </entry>
                    <entry>
                      <key>0.3</key>
                      <value>circle-001-red</value>
                    </entry>
                    <entry>
                      <key>0.4</key>
                      <value>circle-002-yellow</value>
                    </entry>
                    <entry>
                      <key>0.5</key>
                      <value>circle-002-yellow</value>
                    </entry>
                    <entry>
                      <key>0.6</key>
                      <value>circle-002-yellow</value>
                    </entry>
                    <entry>
                      <key>0.7</key>
                      <value>circle-003-green</value>
                    </entry>
                    <entry>
                      <key>0.8</key>
                      <value>circle-003-green</value>
                    </entry>
                    <entry>
                      <key>0.9</key>
                      <value>circle-003-green</value>
                    </entry>
                  </element2icon>
                  <element2localizedLabel />
                  <attributeDefClass>cf.cplace.platform.assets.custom.def.SingleStringAttributeDef</attributeDefClass>
                </constraintFactory>
              </attributes>
              <attributes>
                <name>cf.cplace.solution.okr.smallSupport</name>
                <localizedName>
                  <en>Receive Small Support</en>
                  <de>Receive Small Support</de>
                </localizedName>
                <localizedShortName />
                <shortHelp />
                <constraintFactory type="referenceConstraint">
                  <multiplicity />
                  <typeNames>cf.cplace.solution.okr.organizationalUnit</typeNames>
                  <entityClass>cf.cplace.platform.assets.file.Page</entityClass>
                  <localizedInverseRoleName />
                  <sameWorkspace>true</sameWorkspace>
                  <isHierarchy>false</isHierarchy>
                  <attributeDefClass>cf.cplace.platform.assets.custom.def.MultiReferenceAttributeDef$MultiCustomReferenceAttributeDef</attributeDefClass>
                </constraintFactory>
              </attributes>
              <attributes>
                <name>cf.cplace.solution.okr.bigSupport</name>
                <localizedName>
                  <en>Big Support</en>
                  <de>Big Support</de>
                </localizedName>
                <localizedShortName />
                <shortHelp />
                <constraintFactory type="referenceConstraint">
                  <multiplicity />
                  <typeNames>cf.cplace.solution.okr.organizationalUnit</typeNames>
                  <entityClass>cf.cplace.platform.assets.file.Page</entityClass>
                  <localizedInverseRoleName />
                  <sameWorkspace>false</sameWorkspace>
                  <isHierarchy>false</isHierarchy>
                  <attributeDefClass>cf.cplace.platform.assets.custom.def.MultiReferenceAttributeDef$MultiCustomReferenceAttributeDef</attributeDefClass>
                </constraintFactory>
              </attributes>
              <attributes>
                <name>cf.cplace.solution.okr.giveBigSupport</name>
                <localizedName>
                  <en>Give Big Support</en>
                  <de>Give Big Support</de>
                </localizedName>
                <localizedShortName />
                <shortHelp />
                <constraintFactory type="referenceConstraint">
                  <multiplicity />
                  <typeNames>cf.cplace.solution.okr.keyResult</typeNames>
                  <entityClass>cf.cplace.platform.assets.file.Page</entityClass>
                  <localizedInverseRoleName />
                  <sameWorkspace>true</sameWorkspace>
                  <isHierarchy>false</isHierarchy>
                  <attributeDefClass>cf.cplace.platform.assets.custom.def.MultiReferenceAttributeDef$MultiCustomReferenceAttributeDef</attributeDefClass>
                </constraintFactory>
              </attributes>
              <attributes>
                <name>cf.cplace.solution.okr.receiveBigSupport</name>
                <localizedName>
                  <en>Receive Big Support</en>
                  <de>Receive Big Support</de>
                </localizedName>
                <localizedShortName />
                <shortHelp />
                <constraintFactory type="referenceConstraint">
                  <multiplicity />
                  <typeNames>cf.cplace.solution.okr.keyResult</typeNames>
                  <entityClass>cf.cplace.platform.assets.file.Page</entityClass>
                  <localizedInverseRoleName />
                  <sameWorkspace>true</sameWorkspace>
                  <isHierarchy>false</isHierarchy>
                  <attributeDefClass>cf.cplace.platform.assets.custom.def.MultiReferenceAttributeDef$MultiCustomReferenceAttributeDef</attributeDefClass>
                </constraintFactory>
              </attributes>
              <attributes>
                <name>cf.cplace.solution.okr.objective</name>
                <localizedName>
                  <en>Objective</en>
                  <de>Objective</de>
                </localizedName>
                <localizedShortName />
                <shortHelp />
                <constraintFactory type="referenceConstraint">
                  <multiplicity>
                    <key>exactlyOne</key>
                  </multiplicity>
                  <typeNames>cf.cplace.solution.okr.objective</typeNames>
                  <entityClass>cf.cplace.platform.assets.file.Page</entityClass>
                  <localizedInverseRoleName />
                  <sameWorkspace>true</sameWorkspace>
                  <isHierarchy>true</isHierarchy>
                  <attributeDefClass>cf.cplace.platform.assets.custom.def.MultiReferenceAttributeDef$MultiCustomReferenceAttributeDef</attributeDefClass>
                </constraintFactory>
              </attributes>
              <attributes>
                <name>cf.cplace.solution.okr.progress</name>
                <localizedName>
                  <en>Progress</en>
                  <de>Fortschritt</de>
                </localizedName>
                <localizedShortName />
                <shortHelp />
                <constraintFactory type="referenceConstraint">
                  <multiplicity>
                    <key>maximalOne</key>
                  </multiplicity>
                  <typeNames>cf.cplace.solution.okr.progress</typeNames>
                  <entityClass>cf.cplace.platform.assets.file.Page</entityClass>
                  <localizedInverseRoleName />
                  <sameWorkspace>true</sameWorkspace>
                  <isHierarchy>false</isHierarchy>
                  <attributeDefClass>cf.cplace.platform.assets.custom.def.MultiReferenceAttributeDef$MultiCustomReferenceAttributeDef</attributeDefClass>
                </constraintFactory>
              </attributes>
              <attributes>
                <name>cf.cplace.solution.okr.set</name>
                <localizedName>
                  <en>Set</en>
                  <de>Set</de>
                </localizedName>
                <localizedShortName />
                <shortHelp />
                <constraintFactory type="referenceConstraint">
                  <multiplicity>
                    <key>maximalOne</key>
                  </multiplicity>
                  <typeNames>cf.cplace.solution.okr.set</typeNames>
                  <entityClass>cf.cplace.platform.assets.file.Page</entityClass>
                  <localizedInverseRoleName />
                  <sameWorkspace>false</sameWorkspace>
                  <isHierarchy>false</isHierarchy>
                  <attributeDefClass>cf.cplace.platform.assets.custom.def.MultiReferenceAttributeDef$MultiCustomReferenceAttributeDef</attributeDefClass>
                </constraintFactory>
              </attributes>
              <attributes>
                <name>cf.cplace.solution.okr.cycle</name>
                <localizedName>
                  <en>Cycle</en>
                  <de>Zyklus</de>
                </localizedName>
                <localizedShortName />
                <shortHelp />
                <constraintFactory type="referenceConstraint">
                  <multiplicity>
                    <key>maximalOne</key>
                  </multiplicity>
                  <typeNames>cf.cplace.solution.okr.cycle</typeNames>
                  <entityClass>cf.cplace.platform.assets.file.Page</entityClass>
                  <localizedInverseRoleName />
                  <sameWorkspace>false</sameWorkspace>
                  <isHierarchy>false</isHierarchy>
                  <attributeDefClass>cf.cplace.platform.assets.custom.def.MultiReferenceAttributeDef$MultiCustomReferenceAttributeDef</attributeDefClass>
                </constraintFactory>
              </attributes>
              <attributes>
                <name>cf.cplace.solution.okr.organizationalUnit</name>
                <localizedName>
                  <en>Organizational Unit</en>
                  <de>Organsationseinheit</de>
                </localizedName>
                <localizedShortName />
                <shortHelp />
                <constraintFactory type="referenceConstraint">
                  <multiplicity>
                    <key>maximalOne</key>
                  </multiplicity>
                  <typeNames>cf.cplace.solution.okr.organizationalUnit</typeNames>
                  <entityClass>cf.cplace.platform.assets.file.Page</entityClass>
                  <localizedInverseRoleName />
                  <sameWorkspace>false</sameWorkspace>
                  <isHierarchy>false</isHierarchy>
                  <attributeDefClass>cf.cplace.platform.assets.custom.def.MultiReferenceAttributeDef$MultiCustomReferenceAttributeDef</attributeDefClass>
                </constraintFactory>
              </attributes>
              <attributes>
                <name>cf.cplace.solution.okr.lastUpdate</name>
                <localizedName>
                  <en>Last Update</en>
                  <de>Letztes Update</de>
                </localizedName>
                <localizedShortName />
                <shortHelp />
                <constraintFactory type="dateConstraint">
                  <multiplicity>
                    <key>maximalOne</key>
                  </multiplicity>
                  <specificity>DAY</specificity>
                  <dateFormat>DAY_YEAR_LONG</dateFormat>
                  <attributeDefClass>cf.cplace.platform.assets.custom.def.SingleDateAttributeDef</attributeDefClass>
                </constraintFactory>
              </attributes>
              <appliesTo>
                <key>page</key>
              </appliesTo>
              <localizedPageNamesMode>
                <key>none</key>
              </localizedPageNamesMode>
              <showNewButton>true</showNewButton>
            </typeDef>
            <typeDef>
              <name>cf.cplace.solution.okr.progress</name>
              <localizedNameSingular>
                <en>Progress</en>
                <de>Fortschritt</de>
              </localizedNameSingular>
              <localizedNamePlural>
                <en>Progress</en>
                <de>Fortschritt</de>
              </localizedNamePlural>
              <iconName>fa-folder</iconName>
              <attributes>
                <name>cf.cplace.solution.okr.result</name>
                <localizedName>
                  <en>Results</en>
                  <de>Ergebnise</de>
                </localizedName>
                <localizedShortName />
                <shortHelp />
                <constraintFactory type="stringConstraint">
                  <multiplicity>
                    <key>maximalOne</key>
                  </multiplicity>
                  <attributeDefClass>cf.cplace.platform.assets.custom.def.SingleStringAttributeDef</attributeDefClass>
                </constraintFactory>
              </attributes>
              <attributes>
                <name>cf.cplace.solution.okr.problem</name>
                <localizedName>
                  <en>Problems</en>
                  <de>Probleme</de>
                </localizedName>
                <localizedShortName />
                <shortHelp />
                <constraintFactory type="stringConstraint">
                  <multiplicity>
                    <key>maximalOne</key>
                  </multiplicity>
                  <attributeDefClass>cf.cplace.platform.assets.custom.def.SingleStringAttributeDef</attributeDefClass>
                </constraintFactory>
              </attributes>
              <attributes>
                <name>cf.cplace.solution.okr.lessonsLearned</name>
                <localizedName>
                  <en>Learnings</en>
                  <de>Learnings</de>
                </localizedName>
                <localizedShortName />
                <shortHelp />
                <constraintFactory type="stringConstraint">
                  <multiplicity>
                    <key>maximalOne</key>
                  </multiplicity>
                  <attributeDefClass>cf.cplace.platform.assets.custom.def.SingleStringAttributeDef</attributeDefClass>
                </constraintFactory>
              </attributes>
              <attributes>
                <name>cf.cplace.solution.okr.nextSteps</name>
                <localizedName>
                  <en>Next Steps</en>
                  <de>Nächste Schritte</de>
                </localizedName>
                <localizedShortName />
                <shortHelp />
                <constraintFactory type="stringConstraint">
                  <multiplicity>
                    <key>maximalOne</key>
                  </multiplicity>
                  <attributeDefClass>cf.cplace.platform.assets.custom.def.SingleStringAttributeDef</attributeDefClass>
                </constraintFactory>
              </attributes>
              <attributes>
                <name>cf.cplace.solution.okr.keyResult</name>
                <localizedName>
                  <en>Key Result</en>
                  <de>Key Result</de>
                </localizedName>
                <localizedShortName />
                <shortHelp />
                <constraintFactory type="referenceConstraint">
                  <multiplicity>
                    <key>exactlyOne</key>
                  </multiplicity>
                  <typeNames>cf.cplace.solution.okr.keyResult</typeNames>
                  <entityClass>cf.cplace.platform.assets.file.Page</entityClass>
                  <localizedInverseRoleName />
                  <sameWorkspace>true</sameWorkspace>
                  <isHierarchy>false</isHierarchy>
                  <attributeDefClass>cf.cplace.platform.assets.custom.def.MultiReferenceAttributeDef$MultiCustomReferenceAttributeDef</attributeDefClass>
                </constraintFactory>
              </attributes>
              <attributes>
                <name>cf.cplace.solution.okr.cycle</name>
                <localizedName>
                  <en>Cycle</en>
                  <de>Zyklus</de>
                </localizedName>
                <localizedShortName />
                <shortHelp />
                <constraintFactory type="referenceConstraint">
                  <multiplicity>
                    <key>maximalOne</key>
                  </multiplicity>
                  <typeNames>cf.cplace.solution.okr.cycle</typeNames>
                  <entityClass>cf.cplace.platform.assets.file.Page</entityClass>
                  <localizedInverseRoleName />
                  <sameWorkspace>false</sameWorkspace>
                  <isHierarchy>false</isHierarchy>
                  <attributeDefClass>cf.cplace.platform.assets.custom.def.MultiReferenceAttributeDef$MultiCustomReferenceAttributeDef</attributeDefClass>
                </constraintFactory>
              </attributes>
              <attributes>
                <name>cf.cplace.solution.okr.objective</name>
                <localizedName>
                  <en>Objective</en>
                  <de>Objective</de>
                </localizedName>
                <localizedShortName />
                <shortHelp />
                <constraintFactory type="referenceConstraint">
                  <multiplicity>
                    <key>maximalOne</key>
                  </multiplicity>
                  <typeNames>cf.cplace.solution.okr.objective</typeNames>
                  <entityClass>cf.cplace.platform.assets.file.Page</entityClass>
                  <localizedInverseRoleName />
                  <sameWorkspace>false</sameWorkspace>
                  <isHierarchy>false</isHierarchy>
                  <attributeDefClass>cf.cplace.platform.assets.custom.def.MultiReferenceAttributeDef$MultiCustomReferenceAttributeDef</attributeDefClass>
                </constraintFactory>
              </attributes>
              <attributes>
                <name>cf.cplace.solution.okr.smallSupport</name>
                <localizedName>
                  <en>Small Support</en>
                  <de>Small Support</de>
                </localizedName>
                <localizedShortName />
                <shortHelp />
                <constraintFactory type="referenceConstraint">
                  <multiplicity />
                  <typeNames>cf.cplace.solution.okr.organizationalUnit</typeNames>
                  <entityClass>cf.cplace.platform.assets.file.Page</entityClass>
                  <localizedInverseRoleName />
                  <sameWorkspace>false</sameWorkspace>
                  <isHierarchy>false</isHierarchy>
                  <attributeDefClass>cf.cplace.platform.assets.custom.def.MultiReferenceAttributeDef$MultiCustomReferenceAttributeDef</attributeDefClass>
                </constraintFactory>
              </attributes>
              <attributes>
                <name>cf.cplace.solution.okr.bigSupport</name>
                <localizedName>
                  <en>Big Support</en>
                  <de>Big Support</de>
                </localizedName>
                <localizedShortName />
                <shortHelp />
                <constraintFactory type="referenceConstraint">
                  <multiplicity />
                  <typeNames>cf.cplace.solution.okr.organizationalUnit</typeNames>
                  <entityClass>cf.cplace.platform.assets.file.Page</entityClass>
                  <localizedInverseRoleName />
                  <sameWorkspace>false</sameWorkspace>
                  <isHierarchy>false</isHierarchy>
                  <attributeDefClass>cf.cplace.platform.assets.custom.def.MultiReferenceAttributeDef$MultiCustomReferenceAttributeDef</attributeDefClass>
                </constraintFactory>
              </attributes>
              <attributes>
                <name>cf.cplace.solution.okr.progressIndicator</name>
                <localizedName>
                  <en>Progress Indicator</en>
                  <de>Fortschrittsindikator</de>
                </localizedName>
                <localizedShortName />
                <shortHelp />
                <constraintFactory type="textEnumerationConstraint">
                  <multiplicity>
                    <key>maximalOne</key>
                  </multiplicity>
                  <elements>#15 green</elements>
                  <elements>#25 yellow</elements>
                  <elements>#35 red</elements>
                  <elements>#45 outdated</elements>
                  <element2icon>
                    <entry>
                      <key>#15 green</key>
                      <value>circle-003-green</value>
                    </entry>
                    <entry>
                      <key>#45 outdated</key>
                      <value>circle-000-gray</value>
                    </entry>
                    <entry>
                      <key>#35 red</key>
                      <value>circle-001-red</value>
                    </entry>
                    <entry>
                      <key>#25 yellow</key>
                      <value>circle-002-yellow</value>
                    </entry>
                  </element2icon>
                  <element2localizedLabel>
                    <entry>
                      <key>#15 green</key>
                      <value>
                        <localizations>
                          <entry>
                            <key>de</key>
                            <value>
                              <language>de</language>
                              <value>On track</value>
                            </value>
                          </entry>
                          <entry>
                            <key>en</key>
                            <value>
                              <language>en</language>
                              <value>On track</value>
                            </value>
                          </entry>
                        </localizations>
                      </value>
                    </entry>
                    <entry>
                      <key>#45 outdated</key>
                      <value>
                        <localizations>
                          <entry>
                            <key>de</key>
                            <value>
                              <language>de</language>
                              <value>Outdated</value>
                            </value>
                          </entry>
                          <entry>
                            <key>en</key>
                            <value>
                              <language>en</language>
                              <value>Outdated</value>
                            </value>
                          </entry>
                        </localizations>
                      </value>
                    </entry>
                    <entry>
                      <key>#35 red</key>
                      <value>
                        <localizations>
                          <entry>
                            <key>de</key>
                            <value>
                              <language>de</language>
                              <value>Off track</value>
                            </value>
                          </entry>
                          <entry>
                            <key>en</key>
                            <value>
                              <language>en</language>
                              <value>Off track</value>
                            </value>
                          </entry>
                        </localizations>
                      </value>
                    </entry>
                    <entry>
                      <key>#25 yellow</key>
                      <value>
                        <localizations>
                          <entry>
                            <key>de</key>
                            <value>
                              <language>de</language>
                              <value>Progressing</value>
                            </value>
                          </entry>
                          <entry>
                            <key>en</key>
                            <value>
                              <language>en</language>
                              <value>Progressing</value>
                            </value>
                          </entry>
                        </localizations>
                      </value>
                    </entry>
                  </element2localizedLabel>
                  <attributeDefClass>cf.cplace.platform.assets.custom.def.SingleStringAttributeDef</attributeDefClass>
                </constraintFactory>
              </attributes>
              <attributes>
                <name>cf.cplace.solution.okr.confidenceLevel</name>
                <localizedName>
                  <en>Confidence Level</en>
                  <de>Confidence Level</de>
                </localizedName>
                <localizedShortName />
                <shortHelp />
                <constraintFactory type="textEnumerationConstraint">
                  <multiplicity>
                    <key>maximalOne</key>
                  </multiplicity>
                  <defaultValues>s0.5</defaultValues>
                  <elements>0.1</elements>
                  <elements>0.2</elements>
                  <elements>0.3</elements>
                  <elements>0.4</elements>
                  <elements>0.5</elements>
                  <elements>0.6</elements>
                  <elements>0.7</elements>
                  <elements>0.8</elements>
                  <elements>0.9</elements>
                  <elements>1.0</elements>
                  <element2icon>
                    <entry>
                      <key>0.1</key>
                      <value>circle-001-red</value>
                    </entry>
                    <entry>
                      <key>1.0</key>
                      <value>circle-003-green</value>
                    </entry>
                    <entry>
                      <key>0.2</key>
                      <value>circle-001-red</value>
                    </entry>
                    <entry>
                      <key>0.3</key>
                      <value>circle-001-red</value>
                    </entry>
                    <entry>
                      <key>0.4</key>
                      <value>circle-002-yellow</value>
                    </entry>
                    <entry>
                      <key>0.5</key>
                      <value>circle-002-yellow</value>
                    </entry>
                    <entry>
                      <key>0.6</key>
                      <value>circle-002-yellow</value>
                    </entry>
                    <entry>
                      <key>0.7</key>
                      <value>circle-003-green</value>
                    </entry>
                    <entry>
                      <key>0.8</key>
                      <value>circle-003-green</value>
                    </entry>
                    <entry>
                      <key>0.9</key>
                      <value>circle-003-green</value>
                    </entry>
                  </element2icon>
                  <element2localizedLabel />
                  <attributeDefClass>cf.cplace.platform.assets.custom.def.SingleStringAttributeDef</attributeDefClass>
                </constraintFactory>
              </attributes>
              <attributes>
                <name>cf.cplace.solution.okr.gradingForecast</name>
                <localizedName>
                  <en>Grading Forecast</en>
                  <de>Fortschritt Vorhersage</de>
                </localizedName>
                <localizedShortName />
                <shortHelp />
                <constraintFactory type="textEnumerationConstraint">
                  <multiplicity>
                    <key>maximalOne</key>
                  </multiplicity>
                  <elements>0.1</elements>
                  <elements>0.2</elements>
                  <elements>0.3</elements>
                  <elements>0.4</elements>
                  <elements>0.5</elements>
                  <elements>0.6</elements>
                  <elements>0.7</elements>
                  <elements>0.8</elements>
                  <elements>0.9</elements>
                  <elements>1.0</elements>
                  <element2icon>
                    <entry>
                      <key>0.1</key>
                      <value>circle-001-red</value>
                    </entry>
                    <entry>
                      <key>1.0</key>
                      <value>circle-003-green</value>
                    </entry>
                    <entry>
                      <key>0.2</key>
                      <value>circle-001-red</value>
                    </entry>
                    <entry>
                      <key>0.3</key>
                      <value>circle-001-red</value>
                    </entry>
                    <entry>
                      <key>0.4</key>
                      <value>circle-002-yellow</value>
                    </entry>
                    <entry>
                      <key>0.5</key>
                      <value>circle-002-yellow</value>
                    </entry>
                    <entry>
                      <key>0.6</key>
                      <value>circle-002-yellow</value>
                    </entry>
                    <entry>
                      <key>0.7</key>
                      <value>circle-003-green</value>
                    </entry>
                    <entry>
                      <key>0.8</key>
                      <value>circle-003-green</value>
                    </entry>
                    <entry>
                      <key>0.9</key>
                      <value>circle-003-green</value>
                    </entry>
                  </element2icon>
                  <element2localizedLabel />
                  <attributeDefClass>cf.cplace.platform.assets.custom.def.SingleStringAttributeDef</attributeDefClass>
                </constraintFactory>
              </attributes>
              <attributes>
                <name>cf.cplace.solution.okr.lastUpdate</name>
                <localizedName>
                  <en>Last Update</en>
                  <de>Letztes Update</de>
                </localizedName>
                <localizedShortName />
                <shortHelp />
                <constraintFactory type="dateConstraint">
                  <multiplicity>
                    <key>maximalOne</key>
                  </multiplicity>
                  <specificity>DAY</specificity>
                  <dateFormat>DAY_YEAR_LONG</dateFormat>
                  <attributeDefClass>cf.cplace.platform.assets.custom.def.SingleDateAttributeDef</attributeDefClass>
                </constraintFactory>
              </attributes>
              <attributes>
                <name>cf.cplace.solution.okr.set</name>
                <localizedName>
                  <en>Set</en>
                  <de>Set</de>
                </localizedName>
                <localizedShortName />
                <shortHelp />
                <constraintFactory type="referenceConstraint">
                  <multiplicity>
                    <key>maximalOne</key>
                  </multiplicity>
                  <typeNames>cf.cplace.solution.okr.set</typeNames>
                  <entityClass>cf.cplace.platform.assets.file.Page</entityClass>
                  <localizedInverseRoleName />
                  <sameWorkspace>false</sameWorkspace>
                  <isHierarchy>false</isHierarchy>
                  <attributeDefClass>cf.cplace.platform.assets.custom.def.MultiReferenceAttributeDef$MultiCustomReferenceAttributeDef</attributeDefClass>
                </constraintFactory>
              </attributes>
              <appliesTo>
                <key>page</key>
              </appliesTo>
              <localizedPageNamesMode>
                <key>none</key>
              </localizedPageNamesMode>
              <showNewButton>true</showNewButton>
            </typeDef>
            <typeDef>
              <name>cf.cplace.solution.okr.task</name>
              <localizedNameSingular>
                <en>Task</en>
                <de>Aufgabe</de>
              </localizedNameSingular>
              <localizedNamePlural>
                <en>Tasks</en>
                <de>Aufgaben</de>
              </localizedNamePlural>
              <iconName>cf-task</iconName>
              <attributes>
                <name>cf.cplace.digitalBoard.title</name>
                <localizedName>
                  <en>Title</en>
                  <de>Titel</de>
                </localizedName>
                <localizedShortName />
                <shortHelp />
                <constraintFactory type="stringConstraint">
                  <multiplicity>
                    <key>maximalOne</key>
                  </multiplicity>
                  <attributeDefClass>cf.cplace.platform.assets.custom.def.SingleStringAttributeDef</attributeDefClass>
                </constraintFactory>
              </attributes>
              <attributes>
                <name>cf.cplace.digitalBoard.responsible</name>
                <localizedName>
                  <en>Responsible</en>
                  <de>Verantwortliche(r)</de>
                </localizedName>
                <localizedShortName />
                <shortHelp />
                <constraintFactory type="referenceConstraint">
                  <multiplicity>
                    <key>maximalOne</key>
                  </multiplicity>
                  <entityClass>cf.cplace.platform.assets.group.Person</entityClass>
                  <localizedInverseRoleName />
                  <sameWorkspace>false</sameWorkspace>
                  <isHierarchy>false</isHierarchy>
                  <attributeDefClass>cf.cplace.platform.assets.custom.def.MultiReferenceAttributeDef$MultiCustomReferenceAttributeDef</attributeDefClass>
                </constraintFactory>
              </attributes>
              <attributes>
                <name>cf.cplace.digitalBoard.description</name>
                <localizedName>
                  <en>Description</en>
                  <de>Beschreibung</de>
                </localizedName>
                <localizedShortName />
                <shortHelp />
                <constraintFactory type="stringConstraint">
                  <multiplicity>
                    <key>maximalOne</key>
                  </multiplicity>
                  <attributeDefClass>cf.cplace.platform.assets.custom.def.SingleStringAttributeDef</attributeDefClass>
                </constraintFactory>
              </attributes>
              <attributes>
                <name>cf.cplace.digitalBoard.status</name>
                <localizedName>
                  <en>Status</en>
                  <de>Status</de>
                </localizedName>
                <localizedShortName />
                <shortHelp />
                <constraintFactory type="textEnumerationConstraint">
                  <multiplicity>
                    <key>exactlyOne</key>
                  </multiplicity>
                  <defaultValues>s#15 planned</defaultValues>
                  <elements>#15 planned</elements>
                  <elements>#25 in progress</elements>
                  <elements>#35 done</elements>
                  <elements>#45 cancelled</elements>
                  <element2icon />
                  <element2localizedLabel>
                    <entry>
                      <key>#15 planned</key>
                      <value>
                        <localizations>
                          <entry>
                            <key>de</key>
                            <value>
                              <language>de</language>
                              <value>Geplant</value>
                            </value>
                          </entry>
                          <entry>
                            <key>en</key>
                            <value>
                              <language>en</language>
                              <value>Planned</value>
                            </value>
                          </entry>
                        </localizations>
                      </value>
                    </entry>
                    <entry>
                      <key>#25 in progress</key>
                      <value>
                        <localizations>
                          <entry>
                            <key>de</key>
                            <value>
                              <language>de</language>
                              <value>In Arbeit</value>
                            </value>
                          </entry>
                          <entry>
                            <key>en</key>
                            <value>
                              <language>en</language>
                              <value>In progress</value>
                            </value>
                          </entry>
                        </localizations>
                      </value>
                    </entry>
                    <entry>
                      <key>#45 cancelled</key>
                      <value>
                        <localizations>
                          <entry>
                            <key>de</key>
                            <value>
                              <language>de</language>
                              <value>Abgebrochen</value>
                            </value>
                          </entry>
                          <entry>
                            <key>en</key>
                            <value>
                              <language>en</language>
                              <value>Cancelled</value>
                            </value>
                          </entry>
                        </localizations>
                      </value>
                    </entry>
                    <entry>
                      <key>#35 done</key>
                      <value>
                        <localizations>
                          <entry>
                            <key>de</key>
                            <value>
                              <language>de</language>
                              <value>Fertig</value>
                            </value>
                          </entry>
                          <entry>
                            <key>en</key>
                            <value>
                              <language>en</language>
                              <value>Done</value>
                            </value>
                          </entry>
                        </localizations>
                      </value>
                    </entry>
                  </element2localizedLabel>
                  <attributeDefClass>cf.cplace.platform.assets.custom.def.SingleStringAttributeDef</attributeDefClass>
                </constraintFactory>
              </attributes>
              <attributes>
                <name>cf.cplace.digitalBoard.dueDate</name>
                <localizedName>
                  <en>Due Date</en>
                  <de>Fälligkeitsdatum</de>
                </localizedName>
                <localizedShortName />
                <shortHelp />
                <constraintFactory type="dateConstraint">
                  <multiplicity>
                    <key>maximalOne</key>
                  </multiplicity>
                  <specificity>DAY</specificity>
                  <dateFormat>DAY_YEAR_LONG</dateFormat>
                  <attributeDefClass>cf.cplace.platform.assets.custom.def.SingleDateAttributeDef</attributeDefClass>
                </constraintFactory>
              </attributes>
              <attributes>
                <name>cf.cplace.solution.okr.keyResult</name>
                <localizedName>
                  <en>Key Result</en>
                  <de>Key Result</de>
                </localizedName>
                <localizedShortName />
                <shortHelp />
                <constraintFactory type="referenceConstraint">
                  <multiplicity>
                    <key>exactlyOne</key>
                  </multiplicity>
                  <typeNames>cf.cplace.solution.okr.keyResult</typeNames>
                  <entityClass>cf.cplace.platform.assets.file.Page</entityClass>
                  <localizedInverseRoleName />
                  <sameWorkspace>true</sameWorkspace>
                  <isHierarchy>false</isHierarchy>
                  <attributeDefClass>cf.cplace.platform.assets.custom.def.MultiReferenceAttributeDef$MultiCustomReferenceAttributeDef</attributeDefClass>
                </constraintFactory>
              </attributes>
              <attributes>
                <name>cf.cplace.digitalBoard.escalationLevel</name>
                <localizedName>
                  <en>Escalation Level</en>
                  <de>Eskalationslevel</de>
                </localizedName>
                <localizedShortName />
                <shortHelp />
                <constraintFactory type="textEnumerationConstraint">
                  <multiplicity>
                    <key>exactlyOne</key>
                  </multiplicity>
                  <defaultValues>s#15 - none</defaultValues>
                  <elements>#15 - none</elements>
                  <elements>#25 - handRaised</elements>
                  <element2icon>
                    <entry>
                      <key>#25 - handRaised</key>
                      <value>cf.cplace.enumerationIcons|yellowhand</value>
                    </entry>
                  </element2icon>
                  <element2localizedLabel>
                    <entry>
                      <key>#15 - none</key>
                      <value>
                        <localizations>
                          <entry>
                            <key>de</key>
                            <value>
                              <language>de</language>
                              <value>Kein</value>
                            </value>
                          </entry>
                          <entry>
                            <key>en</key>
                            <value>
                              <language>en</language>
                              <value>None</value>
                            </value>
                          </entry>
                        </localizations>
                      </value>
                    </entry>
                    <entry>
                      <key>#25 - handRaised</key>
                      <value>
                        <localizations>
                          <entry>
                            <key>de</key>
                            <value>
                              <language>de</language>
                              <value>Hand gehoben</value>
                            </value>
                          </entry>
                          <entry>
                            <key>en</key>
                            <value>
                              <language>en</language>
                              <value>Hand Raised</value>
                            </value>
                          </entry>
                        </localizations>
                      </value>
                    </entry>
                  </element2localizedLabel>
                  <attributeDefClass>cf.cplace.platform.assets.custom.def.SingleStringAttributeDef</attributeDefClass>
                </constraintFactory>
              </attributes>
              <appliesTo>
                <key>page</key>
              </appliesTo>
              <localizedPageNamesMode>
                <key>none</key>
              </localizedPageNamesMode>
              <showNewButton>true</showNewButton>
            </typeDef>
            <typeDef>
              <name>cf.cplace.solution.okr.selectNextCycle</name>
              <localizedNameSingular>
                <en>Select next Cycle</en>
                <de>Select next Cycle</de>
              </localizedNameSingular>
              <localizedNamePlural />
              <iconName>fa-list</iconName>
              <attributes>
                <name>cf.cplace.solution.okr.nextCycle</name>
                <localizedName>
                  <en>Next Cycle</en>
                  <de>Nächster Zyklus</de>
                </localizedName>
                <localizedShortName />
                <shortHelp />
                <constraintFactory type="referenceConstraint">
                  <multiplicity>
                    <key>exactlyOne</key>
                  </multiplicity>
                  <typeNames>cf.cplace.solution.okr.cycle</typeNames>
                  <entityClass>cf.cplace.platform.assets.file.Page</entityClass>
                  <localizedInverseRoleName />
                  <sameWorkspace>true</sameWorkspace>
                  <isHierarchy>false</isHierarchy>
                  <attributeDefClass>cf.cplace.platform.assets.custom.def.MultiReferenceAttributeDef$MultiCustomReferenceAttributeDef</attributeDefClass>
                </constraintFactory>
              </attributes>
              <appliesTo>
                <key>page</key>
              </appliesTo>
              <localizedPageNamesMode>
                <key>none</key>
              </localizedPageNamesMode>
              <showNewButton>true</showNewButton>
            </typeDef>
          </types>
          <apps>["cf.cplace.platform"]</apps>
          <rootPage>
            <page>
              <name>Root Page</name>
              <id>rx09rhi021np449hrxv2lcz33</id>
              <custom>
                <type>default.page</type>
                <attributes />
              </custom>
              <widgetContainer>
                <widgetsLayout />
                <widgets />
              </widgetContainer>
            </page>
          </rootPage>
        </workspace>
      </slot>
    </slots>
    <cplaceRelease>24.1</cplaceRelease>
    <publishDate>2024-01-25T14:49:25.893+01:00</publishDate>
  </package>
  <maps />
</solutionManagement>
