<solutionManagement xmlVersion="1.8">
  <package internalName="cf.cplace.template.okr" version="10">
    <name>
      <de>Solution Template - Objectives &amp; Key Results</de>
      <en>Solution Template - Objectives &amp; Key Results</en>
    </name>
    <shortname />
    <slots>
      <slot internalName="cf.cplace.okr.okr">
        <name>
          <de>Objectives Key Results</de>
          <en>Objectives Key Results</en>
        </name>
        <workspace>
          <name>OKR</name>
          <types>
            <typeDef>
              <name>cf.cplace.solution.okr.cycle</name>
              <localizedNameSingular>
                <en>Cycle</en>
                <de>Zyklus</de>
              </localizedNameSingular>
              <localizedNamePlural>
                <en>Cycles</en>
                <de>Zyklen</de>
              </localizedNamePlural>
              <iconName>fa-redo</iconName>
              <attributes>
                <name>cf.cplace.solution.okr.year</name>
                <localizedName>
                  <en>Year</en>
                  <de>Jahr</de>
                </localizedName>
                <localizedShortName />
                <shortHelp />
                <constraintFactory type="stringConstraint">
                  <multiplicity>
                    <key>exactlyOne</key>
                  </multiplicity>
                  <attributeDefClass>cf.cplace.platform.assets.custom.def.SingleStringAttributeDef</attributeDefClass>
                </constraintFactory>
              </attributes>
              <attributes>
                <name>cf.cplace.solution.okr.quarter</name>
                <localizedName>
                  <en>Quarter</en>
                  <de>Quartal</de>
                </localizedName>
                <localizedShortName />
                <shortHelp />
                <constraintFactory type="stringConstraint">
                  <multiplicity>
                    <key>exactlyOne</key>
                  </multiplicity>
                  <attributeDefClass>cf.cplace.platform.assets.custom.def.SingleStringAttributeDef</attributeDefClass>
                </constraintFactory>
              </attributes>
              <attributes>
                <name>cf.cplace.solution.okr.status</name>
                <localizedName>
                  <en>Status</en>
                  <de>Status</de>
                </localizedName>
                <localizedShortName />
                <shortHelp />
                <constraintFactory type="textEnumerationConstraint">
                  <elements>#15 Next</elements>
                  <elements>#25 Current</elements>
                  <elements>#35 Closed</elements>
                  <elements>#45 Draft</elements>
                  <element2icon />
                  <element2localizedLabel>
                    <entry>
                      <key>#35 Closed</key>
                      <value>
                        <localizations>
                          <entry>
                            <key>de</key>
                            <value>
                              <language>de</language>
                              <value>Geschlossen</value>
                            </value>
                          </entry>
                          <entry>
                            <key>en</key>
                            <value>
                              <language>en</language>
                              <value>Closed</value>
                            </value>
                          </entry>
                        </localizations>
                      </value>
                    </entry>
                    <entry>
                      <key>#45 Draft</key>
                      <value>
                        <localizations>
                          <entry>
                            <key>de</key>
                            <value>
                              <language>de</language>
                              <value>Entwurf</value>
                            </value>
                          </entry>
                          <entry>
                            <key>en</key>
                            <value>
                              <language>en</language>
                              <value>Draft</value>
                            </value>
                          </entry>
                        </localizations>
                      </value>
                    </entry>
                    <entry>
                      <key>#25 Current</key>
                      <value>
                        <localizations>
                          <entry>
                            <key>de</key>
                            <value>
                              <language>de</language>
                              <value>Aktuell</value>
                            </value>
                          </entry>
                          <entry>
                            <key>en</key>
                            <value>
                              <language>en</language>
                              <value>Current</value>
                            </value>
                          </entry>
                        </localizations>
                      </value>
                    </entry>
                    <entry>
                      <key>#15 Next</key>
                      <value>
                        <localizations>
                          <entry>
                            <key>de</key>
                            <value>
                              <language>de</language>
                              <value>Nächster</value>
                            </value>
                          </entry>
                          <entry>
                            <key>en</key>
                            <value>
                              <language>en</language>
                              <value>Next</value>
                            </value>
                          </entry>
                        </localizations>
                      </value>
                    </entry>
                  </element2localizedLabel>
                  <multiplicity>
                    <key>exactlyOne</key>
                  </multiplicity>
                  <attributeDefClass>cf.cplace.platform.assets.custom.def.SingleStringAttributeDef</attributeDefClass>
                </constraintFactory>
              </attributes>
              <attributes>
                <name>cf.cplace.solution.okr.start</name>
                <localizedName>
                  <en>Start</en>
                  <de>Start</de>
                </localizedName>
                <localizedShortName />
                <shortHelp />
                <constraintFactory type="dateConstraint">
                  <specificity>DAY</specificity>
                  <dateFormat>DAY_YEAR_LONG</dateFormat>
                  <multiplicity>
                    <key>maximalOne</key>
                  </multiplicity>
                  <attributeDefClass>cf.cplace.platform.assets.custom.def.SingleDateAttributeDef</attributeDefClass>
                </constraintFactory>
              </attributes>
              <attributes>
                <name>cf.cplace.solution.okr.end</name>
                <localizedName>
                  <en>End</en>
                  <de>Ende</de>
                </localizedName>
                <localizedShortName />
                <shortHelp />
                <constraintFactory type="dateConstraint">
                  <specificity>DAY</specificity>
                  <dateFormat>DAY_YEAR_LONG</dateFormat>
                  <multiplicity>
                    <key>maximalOne</key>
                  </multiplicity>
                  <attributeDefClass>cf.cplace.platform.assets.custom.def.SingleDateAttributeDef</attributeDefClass>
                </constraintFactory>
              </attributes>
              <appliesTo>
                <key>page</key>
              </appliesTo>
              <localizedPageNamesMode>
                <key>none</key>
              </localizedPageNamesMode>
              <showNewButton>true</showNewButton>
            </typeDef>
            <typeDef>
              <name>cf.cplace.solution.okr.objective</name>
              <localizedNameSingular>
                <en>Objective</en>
                <de>Objective</de>
              </localizedNameSingular>
              <localizedNamePlural>
                <en>Objectives</en>
                <de>Objectives</de>
              </localizedNamePlural>
              <iconName>fa-bullseye</iconName>
              <attributes>
                <name>cf.cplace.solution.okr.number</name>
                <localizedName>
                  <en>Number</en>
                  <de>Nummer</de>
                </localizedName>
                <localizedShortName>
                  <en>No.</en>
                  <de>Nr.</de>
                </localizedShortName>
                <shortHelp />
                <constraintFactory type="numberConstraint">
                  <precision>-1</precision>
                  <localizedTextAfterSupplier />
                  <multiplicity>
                    <key>exactlyOne</key>
                  </multiplicity>
                  <attributeDefClass>cf.cplace.platform.assets.custom.def.SingleNumberAttributeDef</attributeDefClass>
                </constraintFactory>
              </attributes>
              <attributes>
                <name>cf.cplace.solution.okr.title</name>
                <localizedName>
                  <en>Title</en>
                  <de>Titel</de>
                </localizedName>
                <localizedShortName />
                <shortHelp />
                <constraintFactory type="stringConstraint">
                  <multiplicity>
                    <key>maximalOne</key>
                  </multiplicity>
                  <attributeDefClass>cf.cplace.platform.assets.custom.def.SingleStringAttributeDef</attributeDefClass>
                </constraintFactory>
              </attributes>
              <attributes>
                <name>cf.cplace.solution.okr.accomplished</name>
                <localizedName>
                  <en>Accomplished</en>
                  <de>Erreicht</de>
                </localizedName>
                <localizedShortName />
                <shortHelp />
                <constraintFactory type="textEnumerationConstraint">
                  <defaultValues>s#25 - no</defaultValues>
                  <elements>#15 - yes</elements>
                  <elements>#25 - no</elements>
                  <element2icon>
                    <entry>
                      <key>#25 - no</key>
                      <value>x-103-cplace-square-red-close</value>
                    </entry>
                    <entry>
                      <key>#15 - yes</key>
                      <value>x-112-cplace-square-green-check</value>
                    </entry>
                  </element2icon>
                  <element2localizedLabel>
                    <entry>
                      <key>#25 - no</key>
                      <value>
                        <localizations>
                          <entry>
                            <key>de</key>
                            <value>
                              <language>de</language>
                              <value>Nein</value>
                            </value>
                          </entry>
                          <entry>
                            <key>en</key>
                            <value>
                              <language>en</language>
                              <value>No</value>
                            </value>
                          </entry>
                        </localizations>
                      </value>
                    </entry>
                    <entry>
                      <key>#15 - yes</key>
                      <value>
                        <localizations>
                          <entry>
                            <key>de</key>
                            <value>
                              <language>de</language>
                              <value>Ja</value>
                            </value>
                          </entry>
                          <entry>
                            <key>en</key>
                            <value>
                              <language>en</language>
                              <value>Yes</value>
                            </value>
                          </entry>
                        </localizations>
                      </value>
                    </entry>
                  </element2localizedLabel>
                  <multiplicity>
                    <key>maximalOne</key>
                  </multiplicity>
                  <attributeDefClass>cf.cplace.platform.assets.custom.def.SingleStringAttributeDef</attributeDefClass>
                </constraintFactory>
              </attributes>
              <attributes>
                <name>cf.cplace.solution.okr.description</name>
                <localizedName>
                  <en>Description</en>
                  <de>Beschreibung</de>
                </localizedName>
                <localizedShortName />
                <shortHelp />
                <constraintFactory type="richStringConstraint">
                  <multiplicity>
                    <key>maximalOne</key>
                  </multiplicity>
                  <attributeDefClass>cf.cplace.platform.assets.custom.def.SingleRichStringAttributeDef</attributeDefClass>
                </constraintFactory>
              </attributes>
              <appliesTo>
                <key>page</key>
              </appliesTo>
              <localizedPageNamesMode>
                <key>none</key>
              </localizedPageNamesMode>
              <showNewButton>true</showNewButton>
            </typeDef>
            <typeDef>
              <name>cf.cplace.solution.okr.keyResult</name>
              <localizedNameSingular>
                <en>Key Result</en>
                <de>Schlüsselergebnis</de>
              </localizedNameSingular>
              <localizedNamePlural>
                <en>Key Results</en>
                <de>Schlüsselergebnisse</de>
              </localizedNamePlural>
              <iconName>fa-key</iconName>
              <attributes>
                <name>cf.cplace.solution.okr.number</name>
                <localizedName>
                  <en>Number</en>
                  <de>Nummer</de>
                </localizedName>
                <localizedShortName>
                  <en>No.</en>
                  <de>Nr.</de>
                </localizedShortName>
                <shortHelp />
                <constraintFactory type="numberConstraint">
                  <precision>-1</precision>
                  <localizedTextAfterSupplier />
                  <multiplicity>
                    <key>exactlyOne</key>
                  </multiplicity>
                  <attributeDefClass>cf.cplace.platform.assets.custom.def.SingleNumberAttributeDef</attributeDefClass>
                </constraintFactory>
              </attributes>
              <attributes>
                <name>cf.cplace.solution.okr.title</name>
                <localizedName>
                  <en>Title</en>
                  <de>Titel</de>
                </localizedName>
                <localizedShortName />
                <shortHelp />
                <constraintFactory type="stringConstraint">
                  <multiplicity>
                    <key>maximalOne</key>
                  </multiplicity>
                  <attributeDefClass>cf.cplace.platform.assets.custom.def.SingleStringAttributeDef</attributeDefClass>
                </constraintFactory>
              </attributes>
              <attributes>
                <name>cf.cplace.solution.okr.gradingForecast</name>
                <localizedName>
                  <en>Grading Forecast</en>
                  <de>Fortschritt Vorhersage</de>
                </localizedName>
                <localizedShortName />
                <shortHelp />
                <constraintFactory type="textEnumerationConstraint">
                  <elements>0.1</elements>
                  <elements>0.2</elements>
                  <elements>0.3</elements>
                  <elements>0.4</elements>
                  <elements>0.5</elements>
                  <elements>0.6</elements>
                  <elements>0.7</elements>
                  <elements>0.8</elements>
                  <elements>0.9</elements>
                  <elements>1.0</elements>
                  <element2icon>
                    <entry>
                      <key>0.1</key>
                      <value>circle-001-red</value>
                    </entry>
                    <entry>
                      <key>1.0</key>
                      <value>circle-003-green</value>
                    </entry>
                    <entry>
                      <key>0.2</key>
                      <value>circle-001-red</value>
                    </entry>
                    <entry>
                      <key>0.3</key>
                      <value>circle-001-red</value>
                    </entry>
                    <entry>
                      <key>0.4</key>
                      <value>circle-002-yellow</value>
                    </entry>
                    <entry>
                      <key>0.5</key>
                      <value>circle-002-yellow</value>
                    </entry>
                    <entry>
                      <key>0.6</key>
                      <value>circle-002-yellow</value>
                    </entry>
                    <entry>
                      <key>0.7</key>
                      <value>circle-003-green</value>
                    </entry>
                    <entry>
                      <key>0.8</key>
                      <value>circle-003-green</value>
                    </entry>
                    <entry>
                      <key>0.9</key>
                      <value>circle-003-green</value>
                    </entry>
                  </element2icon>
                  <element2localizedLabel />
                  <multiplicity>
                    <key>maximalOne</key>
                  </multiplicity>
                  <attributeDefClass>cf.cplace.platform.assets.custom.def.SingleStringAttributeDef</attributeDefClass>
                </constraintFactory>
              </attributes>
              <attributes>
                <name>cf.cplace.solution.okr.objective</name>
                <localizedName>
                  <en>Objective</en>
                  <de>Objective</de>
                </localizedName>
                <localizedShortName />
                <shortHelp />
                <constraintFactory type="referenceConstraint">
                  <typeNames>cf.cplace.solution.okr.objective</typeNames>
                  <entityClass>cf.cplace.platform.assets.file.Page</entityClass>
                  <localizedInverseRoleName />
                  <sameWorkspace>true</sameWorkspace>
                  <isHierarchy>true</isHierarchy>
                  <multiplicity>
                    <key>exactlyOne</key>
                  </multiplicity>
                  <attributeDefClass>cf.cplace.platform.assets.custom.def.MultiReferenceAttributeDef$MultiCustomReferenceAttributeDef</attributeDefClass>
                </constraintFactory>
              </attributes>
              <attributes>
                <name>cf.cplace.solution.okr.lastUpdate</name>
                <localizedName>
                  <en>Last Update</en>
                  <de>Letztes Update</de>
                </localizedName>
                <localizedShortName />
                <shortHelp />
                <constraintFactory type="dateConstraint">
                  <specificity>DAY</specificity>
                  <dateFormat>DAY_YEAR_LONG</dateFormat>
                  <multiplicity>
                    <key>maximalOne</key>
                  </multiplicity>
                  <attributeDefClass>cf.cplace.platform.assets.custom.def.SingleDateAttributeDef</attributeDefClass>
                </constraintFactory>
              </attributes>
              <appliesTo>
                <key>page</key>
              </appliesTo>
              <localizedPageNamesMode>
                <key>none</key>
              </localizedPageNamesMode>
              <showNewButton>true</showNewButton>
            </typeDef>
          </types>
          <apps>["cf.cplace.platform"]</apps>
          <rootPage>
            <page>
              <name>Root Page</name>
              <id>5ix7xkx4hkq8ee1rachotuskx</id>
              <custom>
                <type>default.page</type>
                <attributes />
              </custom>
              <widgetContainer>
                <widgetsLayout />
                <widgets />
              </widgetContainer>
            </page>
          </rootPage>
        </workspace>
      </slot>
    </slots>
    <cplaceRelease>24.1</cplaceRelease>
    <publishDate>2024-01-25T14:49:25.893+01:00</publishDate>
  </package>
  <maps />
</solutionManagement>